timestamp,reaction_time,stimulus_type,stimulus_color
2025-01-14 01:51:48.323348,811.9046688079834,square,green
2025-01-14 01:51:54.291711,0.0,cross,green
2025-01-14 01:51:56.789044,309.80443954467773,cross,yellow
2025-01-14 01:51:59.144054,99.40338134765625,cross,blue
2025-01-14 01:52:01.621349,395.6642150878906,circle,yellow
2025-01-14 01:52:04.578345,166.2893295288086,circle,blue
2025-01-14 01:52:07.788954,898.9098072052002,cross,green
2025-01-14 01:52:10.388108,398.9999294281006,square,red
2025-01-14 01:52:12.989081,363.2972240447998,square,yellow
2025-01-14 01:52:15.500590,377.3612976074219,cross,green
2025-01-14 01:52:17.887848,308.6812496185303,circle,blue
2025-01-14 01:52:24.865745,432.64031410217285,cross,red
2025-01-14 01:52:27.387238,164.81709480285645,square,red
2025-01-14 01:52:30.066414,110.80002784729004,circle,blue
2025-01-14 01:52:32.854489,355.6983470916748,cross,green
2025-01-14 01:52:35.098712,140.18559455871582,square,yellow
2025-01-14 01:52:37.921275,432.4193000793457,circle,yellow
2025-01-14 01:52:40.699620,255.41257858276367,cross,red
2025-01-14 01:52:43.698604,436.8016719818115,cross,green
2025-01-14 01:52:46.465868,221.45605087280273,circle,yellow
2025-01-14 01:53:04.899584,0.0,square,yellow
2025-01-14 01:53:07.609673,478.18684577941895,cross,yellow
2025-01-14 16:06:37.301203,246.99783325195312,cross,blue
2025-01-14 16:06:39.600878,0.0,square,yellow
2025-01-14 16:06:42.068360,0.0,square,yellow
2025-01-14 16:06:46.489814,0.0,square,blue
2025-01-14 16:06:48.711825,0.0,cross,blue
2025-01-14 16:06:50.938308,100.72445869445801,cross,yellow
2025-01-14 16:06:53.621642,49.829959869384766,circle,yellow
2025-01-14 16:06:56.916750,513.4134292602539,circle,blue
2025-01-14 16:06:59.499375,501.9347667694092,cross,red
2025-01-14 16:07:02.100500,101.165771484375,square,yellow
2025-01-14 16:07:05.023863,250.3185272216797,square,blue
2025-01-14 16:07:07.610551,47.498226165771484,cross,red
2025-01-14 16:07:10.498584,608.4260940551758,circle,red
2025-01-14 16:07:13.379564,455.5044174194336,square,yellow
2025-01-14 16:07:16.221565,452.05163955688477,circle,yellow
2025-01-14 16:07:19.435595,565.8996105194092,circle,green
2025-01-14 16:07:22.735833,961.2553119659424,circle,yellow
2025-01-14 16:07:25.674810,609.2720031738281,square,green
2025-01-14 16:07:28.708251,763.1030082702637,cross,yellow
2025-01-14 16:07:36.606900,914.9250984191895,cross,red
2025-01-14 16:07:39.599469,550.3349304199219,circle,blue
2025-01-14 16:07:42.141430,468.51229667663574,cross,green
2025-01-14 16:07:45.390171,656.3363075256348,square,red
2025-01-14 16:07:48.254591,567.5644874572754,cross,red
2025-01-14 16:07:50.852344,47.65725135803223,circle,blue
2025-01-14 16:07:53.633813,410.80164909362793,circle,red
2025-01-14 16:07:56.363360,449.54729080200195,square,yellow
2025-01-14 16:07:59.355023,608.1769466400146,circle,red
2025-01-14 16:08:01.972220,454.1192054748535,circle,blue
2025-01-14 16:08:04.934369,462.0490074157715,cross,green
2025-01-14 16:08:07.844773,506.09779357910156,cross,yellow
2025-01-14 16:08:10.128543,51.43237113952637,square,blue
2025-01-14 16:09:00.372829,0.0,circle,blue
2025-01-14 16:09:03.105255,0.0,circle,red
2025-01-14 16:09:06.262297,561.4030361175537,cross,red
2025-01-14 16:12:49.370783,236.80806159973145,cross,yellow
2025-01-14 16:12:51.613566,0.0,circle,green
2025-01-14 16:12:54.004656,0.0,square,yellow
2025-01-14 16:12:58.623353,2017.242193222046,square,blue
2025-01-14 16:13:01.477068,616.9030666351318,circle,blue
2025-01-14 16:13:04.034336,100.0521183013916,cross,red
2025-01-14 16:13:06.630262,0.0,square,yellow
2025-01-14 16:13:10.014291,1188.4291172027588,cross,yellow
2025-01-14 16:13:12.548171,97.76639938354492,square,red
2025-01-14 16:13:15.210591,412.28652000427246,circle,red
2025-01-14 16:13:18.012929,455.8079242706299,circle,yellow
2025-01-14 16:13:21.007783,551.8176555633545,circle,yellow
2025-01-14 16:13:23.541548,501.13749504089355,square,blue
2025-01-14 16:13:26.393968,406.9840908050537,square,red
2025-01-14 16:13:29.264333,406.8562984466553,circle,blue
2025-01-14 16:13:32.005311,508.93521308898926,square,red
2025-01-14 16:13:34.676253,362.31064796447754,circle,green
2025-01-14 16:13:37.483937,407.3648452758789,circle,green
2025-01-14 16:13:40.408413,462.5558853149414,cross,blue
2025-01-14 16:13:43.017846,355.70621490478516,square,yellow
2025-01-14 16:13:45.825816,354.13622856140137,circle,blue
2025-01-14 16:13:48.564752,404.895544052124,cross,green
2025-01-14 16:13:51.055370,154.14977073669434,cross,red
2025-01-14 16:13:53.656730,201.1406421661377,cross,yellow
2025-01-14 16:13:55.922222,0.0,cross,blue
2025-01-14 16:13:58.211909,0.0,circle,green
2025-01-14 16:14:00.609605,0.0,square,red
2025-01-14 16:14:03.162078,100.75616836547852,square,yellow
2025-01-14 16:14:06.039596,410.23945808410645,cross,red
2025-01-14 16:14:08.225660,0.0,cross,yellow
2025-01-14 16:14:11.063081,404.90102767944336,circle,red
2025-01-14 16:14:14.037747,507.8697204589844,square,blue
2025-01-14 16:14:17.011042,454.07915115356445,square,yellow
2025-01-14 16:14:24.762438,0.0,cross,green
2025-01-14 16:14:26.943331,0.0,circle,green
2025-01-15 13:51:39.848717,98.29258918762207,square,green
2025-01-15 13:51:42.669117,0.0,cross,blue
2025-01-15 13:51:45.282029,0.0,circle,red
2025-01-15 13:51:48.892459,1154.3042659759521,square,red
2025-01-15 13:51:54.420780,414.45112228393555,circle,red
2025-01-15 13:51:57.409712,464.3697738647461,circle,red
2025-01-15 13:52:00.342421,322.77417182922363,cross,red
2025-01-15 13:52:02.834343,0.0,cross,yellow
2025-01-15 13:52:05.446808,362.931489944458,square,yellow
2025-01-15 13:52:08.340515,115.79656600952148,circle,yellow
2025-01-15 13:52:11.228541,378.91173362731934,cross,red
2025-01-15 13:52:13.540763,0.0,cross,red
2025-01-15 13:52:16.221283,0.0,circle,green
2025-01-15 13:52:18.533758,0.0,circle,green
2025-01-15 13:52:21.218966,195.72114944458008,circle,blue
2025-01-15 13:52:23.872484,54.665565490722656,cross,green
2025-01-15 13:52:25.978103,0.0,square,yellow
2025-01-15 13:52:28.317606,0.0,cross,yellow
2025-01-15 13:52:31.281070,242.63596534729004,circle,blue
2025-01-15 13:52:33.839852,0.0,cross,blue
2025-01-15 13:52:36.682193,0.0,cross,red
2025-01-15 13:52:38.795203,0.0,cross,green
2025-01-15 13:52:40.942861,66.3750171661377,cross,blue
2025-01-15 13:52:43.289235,0.0,square,green
2025-01-15 13:52:45.519801,0.0,circle,blue
2025-01-15 13:52:47.897116,0.0,cross,yellow
2025-01-15 13:52:50.944063,479.7101020812988,cross,blue
2025-01-15 13:52:53.582838,253.16262245178223,cross,green
2025-01-15 13:52:55.948607,0.0,square,green
2025-01-15 13:52:58.580486,379.41431999206543,square,red
2025-01-15 13:53:29.536189,0.0,circle,blue
2025-01-21 08:50:54.625439,239.8383617401123,cross,yellow
2025-01-21 08:51:00.194364,515.5975818634033,circle,yellow
2025-01-21 08:51:02.893676,607.9792976379395,circle,green
2025-01-21 08:51:08.220743,327.53467559814453,circle,red
2025-01-21 08:51:10.430434,0.0,square,blue
2025-01-21 08:51:15.137334,43.976545333862305,cross,green
2025-01-21 08:51:17.439761,229.02464866638184,square,red
2025-01-21 08:51:20.302132,142.64631271362305,square,green
2025-01-21 08:51:24.861937,45.84074020385742,circle,yellow
2025-01-21 08:51:29.728067,0.0,cross,green
2025-01-21 08:51:33.289707,984.2660427093506,cross,blue
2025-01-21 08:51:38.078408,46.07963562011719,square,blue
2025-01-21 08:51:43.328188,47.06144332885742,square,green
2025-01-21 08:51:46.095902,465.3599262237549,square,green
2025-01-21 10:51:58.081701,615.6449317932129,circle,blue
2025-01-21 10:52:02.998604,140.75326919555664,square,blue
2025-01-21 10:52:05.227460,139.02592658996582,cross,red
2025-01-21 10:52:07.283791,0.0,square,blue
2025-01-21 10:52:09.950550,469.09499168395996,cross,yellow
2025-01-21 10:52:12.807997,794.7959899902344,cross,red
2025-01-21 10:52:15.178687,187.57939338684082,square,blue
2025-01-21 10:52:17.550461,93.30296516418457,circle,yellow
2025-01-21 10:52:28.382564,1152.7585983276367,cross,yellow
2025-01-21 10:52:33.532728,419.37828063964844,cross,yellow
2025-01-21 10:52:37.179253,1165.086269378662,square,green
2025-01-21 10:52:39.859798,486.05895042419434,cross,yellow
2025-01-21 10:52:42.576026,463.1221294403076,square,green
2025-01-21 10:52:45.335226,372.1804618835449,circle,blue
2025-01-21 10:52:48.019184,530.4253101348877,circle,blue
2025-01-21 10:52:51.076610,467.94629096984863,circle,red
2025-01-21 10:52:53.908517,520.3878879547119,circle,blue
2025-01-21 10:52:56.921639,626.1129379272461,circle,blue
2025-01-21 10:52:59.529092,191.91575050354004,circle,green
2025-01-21 10:53:02.126373,138.66710662841797,cross,red
2025-01-21 10:53:05.185747,513.9353275299072,square,green
2025-01-21 10:53:07.918597,376.67393684387207,circle,green
2025-01-21 10:53:10.931580,517.5254344940186,cross,green
2025-01-21 10:53:13.878218,375.6749629974365,square,green
2025-01-21 10:53:17.018107,422.0540523529053,circle,red
2025-01-21 10:53:20.055297,373.37303161621094,circle,blue
2025-01-21 10:53:22.738007,561.5243911743164,square,yellow
2025-01-21 10:53:59.265239,0.0,cross,red
2025-01-21 10:54:01.679759,0.0,circle,red
